Model,Accuracy,Precision,Recall,F1-Score
Logistic Regression,0.8097560975609757,0.7619047619047619,0.9142857142857143,0.8311688311688312
Random Forest,1.0,1.0,1.0,1.0
K-Nearest Neighbors,0.8634146341463415,0.8737864077669902,0.8571428571428571,0.8653846153846154
